date,CO,NO2,HCHO,O3,SO2,CH4
2025-08-29,0.026102827390034992,2.5873317813070922e-05,0.00014278724789619447,0.11321400536431206,8.791763601558549e-05,1843.9752604166667
2025-08-30,0.02536296844482422,1.954569985779623e-05,7.70462987323602e-05,0.11500416861640082,8.026049943596479e-07,
2025-08-31,0.025740827574874416,1.277788038323842e-05,0.0001235321578052309,0.11568759282430013,6.201891745958064e-06,
2025-09-01,0.026721885800361632,1.6865350489476413e-05,8.247306071956393e-05,0.1152636210123698,3.4244121117910866e-05,
2025-09-02,0.02452259238173322,1.2435663693566929e-05,4.724084156686845e-05,0.11386139127943251,-2.5433845328703776e-05,1837.7645263671875
2025-09-03,0.024706574047313017,1.5067478446404875e-05,7.34168001347118e-05,0.11357542673746744,1.1033215560019017e-05,1886.9617513020833
2025-09-04,0.0274823682648795,1.8432646044599476e-05,0.00010644035964188251,0.11329495112101237,2.6595537414456285e-05,1827.1013671875
2025-09-05,0.02901334945972149,1.9396788094383784e-05,0.00013682878472738797,0.11379267374674479,-9.295249280209343e-07,1845.1485595703125
2025-09-06,0.03023474557059152,2.6522204279899597e-05,0.00020565075847582938,0.11331280602349175,0.00010510113184587865,
2025-09-07,0.029420465230941772,2.0798265985730623e-05,9.99092124402523e-05,0.11301267411973741,-4.8831736461983784e-05,1897.1062825520833
2025-09-08,0.03345281879107157,2.1821021677014675e-05,0.0001663912192616664,0.11270431942409939,7.544172149209771e-06,
2025-09-09,0.026364757590097924,2.806569494667553e-05,9.63595390705199e-05,0.11440066231621636,-4.6353894644058666e-05,
2025-09-10,,1.6472573406645097e-05,0.00023700082157221105,0.11708244747585721,-0.00016894700404788767,
2025-09-11,0.02874644597371419,2.0352520449604424e-05,0.00016579833916491934,0.1160207986831665,-0.00026086190755062914,
2025-09-12,0.028846921829076912,2.378051388351356e-05,0.0001519532852816856,0.11477577421400283,6.417747608375275e-05,
2025-09-13,0.028308420646481397,2.259322022444304e-05,0.00013827631076754524,0.11560618082682292,8.79002760573313e-06,1900.6048583984375
2025-09-14,0.02740687131881714,2.156897751388676e-05,0.0001421960602913584,0.11482540766398112,0.00012844262851609124,1846.357421875
2025-09-15,0.026645747098055752,2.7127647533630712e-05,9.544664485888048e-05,0.11444971296522352,5.534839314910082e-05,
2025-09-16,0.028649238869547844,2.978725907658892e-05,5.5903452448546886e-05,0.11389857398139105,0.00012848638196257835,
2025-09-17,0.02585685849189758,,0.000208685829420574,0.11549860636393229,5.0952687161043286e-05,
2025-09-18,0.027448385953903198,1.6346981283277273e-05,0.00011642841855064034,0.11277444627549914,0.00019103275068725148,
2025-09-19,0.027469894160395084,1.0267044949021352e-05,3.165353943283359e-05,0.11189594268798828,-1.7508966266177595e-05,
2025-09-20,0.027748033685504266,1.1248959344811737e-05,,,,
2025-09-21,0.029356502084171072,1.3689335901290178e-05,0.00012031371838280132,0.1126108063591851,3.6196409244880534e-05,
2025-09-22,0.02985435485839844,1.919922309325022e-05,0.0001646332792006433,0.11413849724663629,5.4915906883865955e-05,
2025-09-23,0.03387453526626399,3.262711688876152e-05,0.00021826206809944578,0.11360405815972222,-2.8990317580544136e-05,1857.9443359375
2025-09-24,0.0367172910021497,3.470994681579831e-05,0.00017268976403607262,0.11286080678304036,3.0236421072662903e-06,1857.0772705078125
2025-09-25,0.027795722087224323,1.9797508409896563e-05,0.00013288100450938823,0.11215914620293511,1.2515749549493194e-05,
2025-09-26,0.031422190806444955,1.6992799592790782e-05,0.00013069207262661722,0.11339888042873807,-3.7343631723498025e-07,
2025-09-27,0.03511272026942326,2.1172608149812576e-05,0.00013621038613984219,0.1162338186712826,-3.343488788232207e-05,
2025-09-28,0.03076880318777902,1.1749588090672411e-05,0.00011596223339438438,0.11671739154391819,1.987076054016749e-05,1799.255078125
2025-09-29,0.028745719364711216,2.390657235602183e-05,0.0003174853304194079,0.11695185767279731,4.3893880501855165e-05,
2025-09-30,,,,,,
2025-10-01,,4.655456602146539e-06,0.00034852480431171983,0.1164781994289822,-8.672669840355714e-05,
2025-10-02,0.026341708806844857,1.8836875049183602e-05,7.72671496850394e-05,0.11358889473809136,3.2269169825540726e-06,
2025-10-03,0.0317080020904541,3.514484910482771e-05,0.00017702506248200878,0.11604045232137045,6.565793804573209e-05,1739.0953369140625
2025-10-04,0.03311865197287665,2.445092746604453e-05,0.00020131865181984045,0.11432198418511284,-7.512426236644387e-06,
2025-10-05,0.030307764098757788,1.546171015912765e-05,0.00010641897097229958,0.1156826655069987,-4.5302287778920595e-05,
2025-10-06,0.033344337309914075,2.000391819016185e-05,0.000197875708953975,0.1182098388671875,3.4609543035912793e-06,
2025-10-07,0.04320783463735429,2.6710024784977842e-05,0.00016343302817808258,0.11872980329725477,-4.739776357180542e-05,1832.525634765625
2025-10-08,0.03615194685915683,2.828955401254948e-05,0.00014838462608844736,0.11804592344495986,8.349970448762178e-05,
2025-10-09,0.03499827240452622,2.8626849311158847e-05,0.00016536060975839013,0.11890942255655924,-5.821333177489777e-05,1893.2001953125
2025-10-10,0.035102403525150185,2.469706426685055e-05,0.00017115701647365796,0.11670325597127279,7.499961988864149e-06,1888.171123798077
2025-10-11,0.03032782637042764,1.9319205274505e-05,0.00015146384248510003,0.1125386979844835,-4.243148474155792e-05,
2025-10-12,0.026896814756755587,1.2813926119595132e-05,9.662976586504986e-05,0.11426306830512153,-4.429168378313383e-05,
2025-10-13,,9.323111347233256e-06,0.00028547557905830184,0.11784310060388901,0.0003812302333804277,
2025-10-14,0.028544948498408,2.3984756576372128e-05,0.0001434280670114926,0.11802980634901258,8.394064838593861e-05,
2025-10-15,0.030004164446955143,1.6519101336598396e-05,0.0001484654049443848,0.11755598915947808,-1.7856556547081305e-05,
2025-10-16,0.025864109935530698,1.994927879422903e-05,0.00011441633344078675,0.11909831364949544,-1.1767835856707238e-05,1894.5985243055557
2025-10-17,0.02878692015162054,1.7696039345210942e-05,0.00016677359852826956,0.1178702884250217,-2.7255556578266208e-05,1795.548828125
2025-10-18,0.027262116471926372,1.3542795876184335e-05,0.0002365753771020816,0.11739973492092556,-0.00011066265026296395,
2025-10-19,0.029031232551292138,2.7488256284200095e-05,0.0002657054380203287,0.11517165501912435,-1.8507424418045126e-05,
2025-10-20,,,,0.11750885645548502,,
2025-10-21,,,0.000464160965445141,0.11776994069417318,4.099768314821025e-05,
2025-10-22,,,,0.11782150268554688,,
2025-10-23,,6.770736945327371e-05,0.0004203414428047836,0.11657381057739258,8.002128452062607e-05,
2025-10-24,,2.9167738830437884e-05,0.0004767335153051785,0.11748166614108616,-0.00011252139561942645,
2025-10-25,,,0.00041834722893933457,0.116991212632921,-6.47955263654391e-05,
2025-10-26,0.028638020157814026,4.519740053053413e-05,0.0002499615099835903,0.11698734495374892,3.7360590483461106e-05,
2025-10-27,,,,0.11509394645690918,,
2025-10-28,0.02382706105709076,2.1269777789711952e-05,0.00019739592181784767,0.11334430906507705,-0.00011271406786845011,
2025-10-29,,,4.480202083608934e-07,0.11581203070553867,-0.0008624768150704247,
2025-10-30,,,9.897969929235322e-05,0.11780059602525499,-0.00042250321712344885,
2025-10-31,0.02730949135387645,1.0994557669619098e-05,0.00019138467697692768,0.11599841647677951,-7.315579336136579e-05,
2025-11-01,,,0.000127306809493651,0.11575300428602431,,
2025-11-02,,,,0.11864005194769965,,
2025-11-03,,,,0.11790010664198133,,
2025-11-04,0.03399605304002762,2.5663261928049655e-05,0.0002149000611840462,0.1158162964714898,-0.00011231692785278279,
2025-11-05,0.028291376307606697,3.573961744439744e-05,0.00020610434343902077,0.11619256337483724,-5.341561821599802e-07,
2025-11-06,0.02633401393890381,1.4735985567550296e-05,0.00013974368027070674,0.1128887070549859,0.00013746666184193652,
2025-11-07,0.028613733082282836,2.498172321601918e-05,0.00019027726942455613,0.11387368308173286,0.00011479821222931592,
2025-11-08,,,,0.1161810663011339,,
2025-11-09,,,,0.11663228140936957,,
2025-11-10,,,0.0002127422019839287,0.11663269466824001,0.00015743467956781388,
2025-11-11,0.03168815871079763,2.3206567857414483e-05,0.00022755504620295983,0.11628745396931967,5.60690379260402e-05,
2025-11-12,,,,0.11673607296413846,,
2025-11-13,0.03346667438745499,,0.0005211584502831101,0.11427010430230035,,
2025-11-14,,,,0.1153609275817871,,
2025-11-15,,,,0.11708516014946832,,
2025-11-16,,,0.0006221298244781792,0.11685194439358182,,
2025-11-17,,1.4521820048685186e-05,0.00015479921906565627,0.11594628228081597,0.00014811771688982844,
2025-11-18,0.02668294452485584,2.81478416928578e-05,0.0002310429341517962,0.11301652060614692,3.994173424031872e-05,
2025-11-19,,4.03570756316185e-05,0.00019091953124318804,0.11493778228759766,-8.15694422825523e-05,
2025-11-20,0.027340710163116455,4.2334637747934233e-05,0.0004875175654888153,0.11533612145317926,-0.00023287774708408577,
2025-11-21,0.027528010663532075,2.357466573998028e-05,0.00014497276724261397,0.11387863159179687,1.6137217323336266e-05,
2025-11-22,0.030184267088770866,3.6737696198677576e-05,0.0003388424582303839,0.11568057801988389,1.0253570508211851e-05,
2025-11-23,0.029169480005900066,2.383931169811732e-05,,0.11305401060316297,,
2025-11-24,,,,0.11569385528564453,,
2025-11-25,0.03034215396450412,3.8632384305934845e-05,,0.11296490563286675,,
2025-11-26,0.029923491044477984,4.3931820143300756e-05,,0.11333500544230143,,
2025-11-27,,2.12943753770863e-05,,0.11577046712239583,,
2025-11-28,0.02749514857003855,1.8747407011687756e-05,,0.11269007788764106,,
2025-11-29,0.025576062824415123,1.9221796024152462e-05,,0.11576375961303711,,
2025-11-30,,,,0.11549501251756099,,
2025-12-01,0.03337928156057993,3.2887658259520926e-05,,0.11639732784695095,,
2025-12-02,,2.337771833741239e-05,,0.11608431074354383,,
2025-12-03,0.026107221841812134,3.247145097702742e-05,0.00014377686354081806,0.11540353563096788,-5.602877441126464e-06,
2025-12-04,,,,0.11515106625027127,,
2025-12-05,0.027380630373954773,2.250683723719089e-05,0.0001453516177005238,0.11474068959554036,6.419985244671504e-05,
2025-12-06,,,0.00022192291148445185,0.115160157945421,-0.00015510679363752857,
2025-12-07,0.033475541406207614,3.583893703762442e-05,0.00022516855696106658,0.1149486435784234,-3.302255508435123e-05,
2025-12-08,0.027651143074035645,2.659139921888709e-05,0.00016541619385991777,0.11346240573459201,0.0002925109658991137,
2025-12-09,,3.2157014356926086e-05,0.00016618686039810595,0.11588213178846571,3.233082316000946e-05,
2025-12-10,0.03016408532857895,3.3501865497479834e-05,0.00014910276934324977,0.11620079676310222,3.742703941101447e-05,
2025-12-11,0.030873702122614935,3.069185778119806e-05,0.0001325529125152212,0.11479695638020833,0.0001111372063557307,
2025-12-12,0.029583188795274305,3.2832097661282334e-05,0.00016406787973311212,0.1134621090359158,1.3323483936902549e-05,
2025-12-13,0.03255462417235741,2.871153248084146e-05,0.00018743342278819335,0.11371720631917318,4.07346603223833e-05,
2025-12-14,0.026922697201371193,,0.00025293125577692717,0.1157404899597168,-1.3666657182373896e-06,
2025-12-15,0.0277635395526886,3.722678190348921e-05,0.00016257551809151967,0.11565962897406684,0.00020701905919445887,
2025-12-16,,,,0.11469990730285645,,
2025-12-17,0.028311220216162412,3.142951687947772e-05,0.00014661269241504456,0.11536921395195855,6.699601837088552e-05,
2025-12-18,0.02534788576039401,,7.240343256853521e-05,0.11395704481336806,-0.0002009411109611392,
2025-12-19,,,,0.11301854451497396,,
2025-12-20,,,0.0002209684462286532,0.11313762664794921,-1.1504651411087252e-05,
2025-12-21,0.023581141775304622,3.0389362522824243e-05,0.00015570270932383008,0.11447918150160048,4.259129630380802e-05,
2025-12-22,0.028174132108688354,3.452034320170973e-05,0.00014065491092024428,0.11552504433525933,-4.581344193976485e-06,
2025-12-23,0.03014769131624246,3.45650211481067e-05,0.00016432557143826983,0.11468840705023872,0.00018921793098487552,
2025-12-24,0.02712684047633204,2.6949455358964554e-05,0.00019873233201603095,0.11544229719373915,9.946654212068428e-05,
2025-12-25,0.030685790379842124,2.4213452778029733e-05,0.0001881765783764422,0.11516971588134765,8.749440312385559e-05,
2025-12-26,,,0.00019264988423812958,0.11407253477308485,0.00011871414094725075,
2025-12-27,,,-0.00018052748055197299,0.11374520195855034,0.00012031683581881225,
2025-12-28,,3.221195947844535e-05,0.00019649747585834458,0.11417288250393337,0.00031023411189808563,
2025-12-29,0.029130369424819946,5.117954893244637e-05,0.00018665178750570003,0.11295905643039279,0.0002192032049622452,
2025-12-30,,2.2567017003893854e-05,0.0002502515645963805,0.11433995564778646,2.0318053429946303e-05,
2025-12-31,,,0.00011555005330592394,0.11460984547932943,6.0681733884848654e-05,
2026-01-01,,3.662829112727195e-05,6.607881747186184e-05,0.1144762569003635,-0.00012329319724813104,
2026-01-02,,,,0.11080534193250868,,
2026-01-03,0.02627021736568875,6.498771350986014e-05,0.00010755749618900674,0.11180505752563477,0.00012318626201401154,
2026-01-04,,0.00010851831757463515,0.00017425969417672604,0.11267969343397352,0.00015789730417909044,
2026-01-05,,,,0.11333270602756076,,
2026-01-06,,,0.00024072310942060808,0.11178788079155816,-0.00013544625835493207,
2026-01-07,,,0.0002775128426340719,0.11413010491265191,-5.583159994178762e-05,
2026-01-08,0.02753791867232904,4.740526730364019e-05,0.00020688585937023163,0.11334281497531468,0.00013681088707276752,
2026-01-09,0.025683780511220295,4.651553851241867e-05,0.0002664006687700748,0.11374177932739257,-4.305276476467649e-05,
2026-01-10,,,8.868360600899905e-05,0.11367419560750326,,
2026-01-11,,,,0.11373617384168837,,
2026-01-12,,,,0.11411172019110785,,
2026-01-13,,,,0.11447939342922635,,
2026-01-14,0.02591110152356765,2.526275299411888e-05,0.00014734648478527865,0.11223361757066515,7.33051718653817e-05,
2026-01-15,,,,0.11180430518256293,,
2026-01-16,,,0.0002023691777139902,0.11195369296603733,,
2026-01-17,,,0.00035593690699897707,0.11317642062318091,-0.0002802443050313741,
2026-01-18,0.028046876192092896,,-3.239624008225898e-05,0.11276894675360785,8.767204902445276e-05,
2026-01-19,0.02703778584798177,3.3333385363221166e-05,0.0001606431414748167,0.11437083350287544,5.3488855649318014e-05,
2026-01-20,0.025997975697884194,2.3254457119037397e-05,0.00012129940053758521,0.11175604926215278,1.8188301884733579e-06,
2026-01-21,0.02320606679451175,1.9719027073329522e-05,0.00013607497984433875,0.11333035363091362,-3.2783710464302984e-05,
2026-01-22,,,4.705451283371076e-05,0.1110719256930881,1.24141054887635e-06,
2026-01-23,0.027039291337132454,,,0.1126453611585829,,
2026-01-24,0.02961817311077583,1.4372571098172795e-05,0.00010528739334808456,0.11351410547892253,2.821998443836585e-05,
2026-01-25,0.03140532815611208,1.5155076822739537e-05,0.00012664050913192856,0.11333672205607097,1.5615179602588927e-05,
2026-01-26,0.029619960784912108,1.2804833452471279e-05,0.00018386443012527058,0.11257280773586698,5.572603118640405e-05,
2026-01-27,,,,0.114118226369222,,
2026-01-28,,,0.00022833998082205653,0.11483509275648329,,
2026-01-29,0.02941975849015372,2.3366990111147363e-05,0.00013116292436333264,0.11442379421657986,2.9442106097121723e-05,
2026-01-30,0.03393061851200305,2.2133216799165195e-05,0.00011200878512242744,0.11481901804606119,5.0760760723826395e-05,1938.6741943359375
2026-01-31,0.03059779485066732,3.2413523599860216e-05,0.00013896952279739908,0.11490332285563151,0.00012046180458532439,
2026-02-01,0.03176307327607099,2.7531630448287442e-05,0.00021003989748797326,0.11506157981024848,-2.3575099792493425e-05,
2026-02-02,0.03244253993034363,2.0923467858110444e-05,9.055517924328645e-05,0.11411240895589193,-3.2051487748200697e-05,
2026-02-03,0.030625519814429344,2.7482302883934034e-05,0.00013777333120983768,0.11414967642890082,1.613844942767173e-05,
2026-02-04,0.02671317311076375,3.0497496481984854e-05,0.00015695728361606598,0.11494868596394857,6.085857748985291e-05,
2026-02-05,,,,0.11463170581393772,,
2026-02-06,0.030447610219319663,3.367388747971166e-05,0.00022674408437830677,0.11431715223524305,6.948527338546377e-05,
2026-02-07,,,,0.11406008402506511,,
2026-02-08,0.03178707911418034,2.9530884190039202e-05,0.00015544136231010025,0.11548807356092665,-1.3407838933572575e-05,
2026-02-09,0.031370806694030764,,7.225216540973634e-05,0.11382075415717231,,
2026-02-10,0.02674522399902344,1.2290383488612457e-05,0.00013782891856376514,0.11300972832573784,0.000236651463503087,
2026-02-11,0.02254207246005535,,0.0002780796028673649,0.11327374776204427,0.00010705429303925484,
2026-02-12,,3.15134966513142e-05,0.00033710320003148985,0.11377642949422201,1.597253438562919e-05,
2026-02-13,,,,0.11371570163302952,,
2026-02-14,0.028563059866428375,5.6578079238533974e-05,0.00016820778776156274,0.1126180542839898,0.00010156621768449743,
2026-02-15,0.03215435643990835,2.6692574004262264e-05,0.0001609355736619387,0.11317244635687934,3.0151687753506198e-05,
2026-02-16,,2.3842996193303003e-05,0.00023056818060128084,0.11451889673868815,8.044737970104088e-05,
2026-02-17,0.032830990850925446,,0.00021965850306593853,0.11490891774495443,-3.162177745252848e-05,
2026-02-18,,5.003300884709461e-06,-5.791880123849426e-05,0.11357374449033995,-0.0002701691285307918,
2026-02-19,0.028840135782957077,1.8486032786313444e-05,0.00014442527511467537,0.11214628219604492,7.117330824257806e-05,
2026-02-20,0.028482766218588387,2.5768768882342412e-05,0.00014041683947046597,0.11106313069661458,0.00013922800176909992,
2026-02-21,,,0.0002882433233453947,0.1131389300028483,0.00011026591528207064,
2026-02-22,,,0.0002670730914800398,0.11340051227145725,-6.169262521255475e-05,
2026-02-23,,,0.00011067489685956389,0.112744935353597,-6.499519804492593e-05,
2026-02-24,,,,0.11413785086737739,,
2026-02-25,,,8.86389663299689e-05,0.11260243521796333,-0.00021645770175382495,
2026-02-26,,,,0.11364539464314778,,
2026-02-27,0.026629875687991873,2.5406313943676652e-05,0.00010842254592312707,0.11330448786417643,-3.052105247560475e-05,
2026-02-28,0.028374166400344285,3.664097231295374e-05,0.0002053735570775138,0.1136773321363661,2.9716288877858054e-05,
2026-03-01,,1.6030909318942576e-05,0.0002414335548463795,0.11442751354641384,9.443068281850881e-05,
2026-03-02,,,4.564688424579799e-05,0.11545254389444987,,
2026-03-03,0.03038642406463623,3.0716660798394256e-05,0.00018823551363311708,0.11317547692192925,5.046082272504767e-05,
2026-03-04,0.026388052262757953,3.9483680099737447e-05,0.00018389709293842316,0.11382289462619358,5.078242110038126e-05,
2026-03-05,0.028210631336074276,2.5922306738192995e-05,0.00015688834278142615,0.11308631896972657,2.415642356042002e-05,
2026-03-06,,1.7498890883871354e-05,0.00013137057137030823,0.11510544680477527,1.640398449336107e-05,
2026-03-07,0.026951323384824005,,0.00018539533696391365,0.11547476450602213,9.494147889199667e-06,
2026-03-08,0.02965522153036935,2.5740096016841776e-05,0.00011206108869777785,0.11295864317152235,-1.3774564927991699e-05,
2026-03-09,0.03064016832245721,3.5975389699969025e-05,0.00022844058172456148,0.11301715638902453,4.154498471164858e-05,
2026-03-10,0.028520310918490093,4.100369793983797e-05,0.00023643504062744036,0.11341719097561306,7.779325639444684e-05,
2026-03-11,0.023248277604579926,2.156601166697564e-05,0.00012664462405222434,0.11271366543240018,-4.132744235297044e-05,
2026-03-12,0.02524717442401044,3.211875893892004e-05,0.00017214371738108721,0.11519319746229384,4.10278666425835e-05,
2026-03-13,0.028220303058624267,3.144724849754801e-05,0.00017592512692014375,0.11470602883232964,5.690700967203487e-05,
2026-03-14,0.02781856060028076,3.527968715971861e-05,0.0002322918039628829,0.11489211188422309,1.689753915387683e-05,
2026-03-15,0.03141504175522748,2.6307434641889165e-05,0.00018446319219138886,0.11630272335476345,8.264690016706785e-05,
2026-03-16,0.031150090388762645,3.50263674194232e-05,0.00019902935517685755,0.11537120607164171,3.871639081112602e-05,
2026-03-17,0.03564107418060303,3.424443473870104e-05,0.00019959060268269645,0.11537240346272787,0.00010750618659787708,
2026-03-18,0.025220348284794733,4.486031265872897e-05,0.00013520646638966896,0.11481882731119791,0.0002807109720177121,
2026-03-19,0.027913580338160198,2.218667941633612e-05,0.00025471592218511633,0.11474950578477648,0.00015492863409842053,
2026-03-20,,,,0.11540010240342882,,
2026-03-21,,,0.00016971166769508272,0.1143541865878635,-0.00012735160999000072,
2026-03-22,,,0.00033346691634505987,0.1161619858308272,-0.00021221773931756616,
2026-03-23,0.02937613593207465,4.0993911142532644e-05,0.00025085047818720343,0.11621998680962456,4.026189434354182e-05,
2026-03-24,0.026318625609079997,2.96338351772112e-05,0.00022843700479453717,0.11602919896443685,8.329700953750448e-06,
2026-03-25,0.026987325854417755,2.6343985651196405e-05,0.00021026076825514232,0.11715527640448677,2.892539782476598e-05,
2026-03-26,0.02652418856718102,1.881331910327491e-05,0.00019068722739010245,0.11579335530598958,6.484135852328369e-05,
2026-03-27,0.028053620282341454,2.6176633158077798e-05,0.00017162048234007298,0.11737821367051866,-0.00010597161752612967,
2026-03-28,,,0.00039359560469165444,0.11573595470852321,2.5152012312901206e-05,
2026-03-29,0.030391773512197094,2.905029206253264e-05,0.00016781939017885137,0.11620809766981337,0.00024680167436599734,
2026-03-30,,1.9873291118225705e-05,9.666732512414455e-05,0.11572042041354709,0.00011043918784707785,
2026-03-31,,,0.00030742621710223535,0.11736079321967231,-1.139624509960413e-05,
2026-04-01,0.029663683616951722,1.1241816133002027e-05,8.956503422398652e-05,0.11649119059244792,-2.3252079180175705e-05,
2026-04-02,0.02602788805961609,2.4843806623602692e-05,0.0001960810560446519,0.11867308086819119,1.700115748322927e-05,
2026-04-03,0.025720790940888073,1.597514287946192e-05,0.00012203049845993519,0.11662718454996744,-6.891112813415627e-06,
2026-04-04,0.026058735325932503,,0.00037077575689181685,0.11625127792358399,,
2026-04-05,0.026672709733247757,6.5688845307494585e-06,7.65246459869323e-05,0.1158761978149414,-7.472695627560218e-05,
2026-04-06,0.02048735072215398,2.6040291413664817e-05,0.00020805280655622482,0.11760974460177952,0.00014633769751526415,
2026-04-07,0.027351558208465576,2.495381621676579e-05,0.00016142740188276067,0.11780617453835228,3.09295514050652e-05,
2026-04-08,0.027337955577032908,2.2686736070011792e-05,0.000124444326502271,0.11706870396931966,0.00011119547254237972,
2026-04-09,,4.4484034232381317e-05,0.00033965051317444217,0.11661929024590387,-0.0001690351531248201,
2026-04-10,,,,0.116371398501926,,
2026-04-11,,4.559376975521445e-05,0.00028931891678699425,0.11902553770277235,0.0001520810867933666,
2026-04-12,0.025877130031585694,1.7682770183975144e-05,9.79569670038693e-05,0.11690687603420681,7.165654743504192e-05,
2026-04-13,0.025980654629794035,1.0819543744079196e-05,0.0001273658126592636,0.11709567175971138,0.00017552338160422383,
2026-04-14,0.026030021409193676,7.652430213056505e-06,4.394980703270243e-06,0.1155252562628852,6.61351252347231e-05,
2026-04-15,0.025100064003604584,2.1795172484196495e-05,0.00016721582354663255,0.11562191645304362,0.00016337612436877357,1812.427455357143
2026-04-16,0.026964429219563803,1.768867570297936e-05,0.00013969183871240327,0.11646296183268229,0.00018029568309430033,1852.2101004464287
2026-04-17,0.02750644087791443,1.612952316873798e-05,0.00016132587703262887,0.11626601748996311,6.120137375178217e-05,1818.584228515625
2026-04-18,0.027751457123529343,2.833229179183642e-05,0.00019427701564771787,0.11756325827704536,8.353274840284401e-05,
2026-04-19,0.027704341845078903,2.7303361437386936e-05,0.00016534420137759298,0.11911177105373806,9.443270973861218e-05,
2026-04-20,0.030355614584845467,2.674694793919722e-05,0.00017740010387367673,0.118440490298801,6.182165816426277e-05,1863.811244419643
2026-04-21,0.026629820466041565,4.4996507414099244e-05,0.00025895750150084496,0.11581109364827474,-9.992142163571858e-05,
2026-04-22,0.023085278769334156,1.674438244663179e-05,0.0001423814314968732,0.11614882151285807,-0.00015895966207608582,
2026-04-23,0.02975066751241684,1.5632444410584866e-05,0.0001407009191237963,0.11625310953925638,-0.00018921879085677642,
2026-04-24,0.029082689529810198,9.433730788852857e-06,7.20598752825306e-05,0.11687880622016059,7.65610199708205e-05,
2026-04-25,0.027445011138916016,1.6551547413391453e-05,0.00010824538912856951,0.11737803353203667,-1.2438785723553827e-06,1800.9100167410713
2026-04-26,0.02593486924325266,1.997452722314526e-05,0.00013018822711375025,0.1168219460381402,2.9940717293821432e-06,1824.6123046875
2026-04-27,,,0.0003810037548343341,0.11611567603217231,0.00027091114316135645,
2026-04-28,,4.477310540096369e-06,0.00010110568555612718,0.11583937538994683,-0.00013506915420293807,
2026-04-29,,,,0.11781803766886394,,
2026-04-30,,1.4877515241096262e-05,0.00020935069769620896,0.11598368750678169,-0.0002705026251663055,
2026-05-01,0.025769384283768505,4.7732687865694366e-05,0.00018021903866738604,0.11598985460069444,0.0002719300906532086,
2026-05-02,0.02540897826353709,1.394087222353038e-05,0.00012177075259387494,0.11669347551133898,5.9408717788755894e-05,
2026-05-03,0.02645844382208747,2.211992518584195e-05,0.00014482661046915583,0.116237121158176,6.4514253251985e-05,
2026-05-04,,2.5972881029167818e-05,0.00015099178545358705,0.11791800392998589,8.297107386879805e-06,
2026-05-05,0.025447659573312534,1.9045461468943734e-05,,,,
2026-05-06,0.025970704971797882,2.4153000788029395e-05,0.00015119476339373834,0.11848313013712565,7.734545816977818e-05,
2026-05-07,0.025176650285720824,1.830896144383587e-05,5.952911177540527e-05,0.11811184353298611,5.1564460650819244e-05,
2026-05-08,0.030408950228440135,1.8891913621404837e-05,0.00013210479584005143,0.11737605200873481,-2.7874971015585793e-05,1868.2506009615386
2026-05-09,0.030194172635674477,2.613142853425372e-05,0.0002515383610694573,0.1179323504048009,0.00011272905394434928,
2026-05-10,0.02880215350492501,1.9078568503674535e-05,9.44636566074271e-05,0.11609504487779405,0.0001051478934558955,
2026-05-11,0.02636236250400543,1.5809564000188275e-05,0.0001233873489711966,0.11543091668023003,7.29941838830145e-06,1854.0481770833333
2026-05-12,0.025708922568489525,2.6108559325967037e-05,0.00012258897638983197,0.11426810158623589,2.2082895156927407e-05,1824.3078125
2026-05-13,0.025636155430863544,1.821660892649864e-05,0.0001177898608148098,0.11428119871351454,4.3966680426489226e-05,
2026-05-14,0.022747888565063476,1.9354922375802335e-05,2.882573023146274e-05,0.11296170552571615,0.00011223710744696505,
2026-05-15,0.026235578716665073,2.617392601678148e-05,0.000151403413354596,0.11702991061740452,0.00016296232897269574,
2026-05-16,0.027599323879588734,2.8011330869048834e-05,0.00024467179900966585,0.11663300196329753,-1.0666368656199086e-05,
2026-05-17,0.02451442430416743,3.1607161308157035e-05,0.00016746272826019456,0.11572054757012261,0.00022270174272227705,
2026-05-18,0.026201737338098986,2.810477977618575e-05,0.00018776842348632359,0.1168652852376302,9.368974841325669e-05,
2026-05-19,0.02821718135350187,1.9978195066667264e-05,0.00010389629241130124,0.11659521526760525,0.00012029092484975562,
2026-05-20,0.029946640133857727,4.218887770548463e-05,0.00020093384029513055,0.11753848393758139,-0.00010473427193408662,
2026-05-21,0.02833600456898029,1.810149776495316e-05,-2.7123113492658984e-05,0.1172311888800727,-0.00012005023503055175,
2026-05-22,0.03105548672054125,3.5794880153295e-05,0.00020660961476656108,0.11569320890638564,0.00014177801674359464,
2026-05-23,0.028942243869488057,3.04867172353836e-05,0.00016098234697546756,0.11750890943739149,0.0001884827723921235,
2026-05-24,0.032269560628467135,2.8559339019314695e-05,0.0001753336825483554,0.11821521123250325,7.054621486791542e-05,1905.846484375
2026-05-25,0.03119569718837738,3.608557231285993e-05,0.00012253697736766832,0.1174771615437099,0.00012659404667154434,
2026-05-26,0.03181182976925012,4.406015208938665e-05,0.0001814428897988465,0.11691967646280925,1.4464712092796197e-05,1820.0716552734375
2026-05-27,0.028652463203821428,4.120900295674801e-05,0.0001512211324139075,0.11696620517306858,4.030128234419329e-05,
2026-05-28,0.02976581785413954,4.363482366898097e-05,0.00017759888174219264,0.11910692850748698,1.865238051063248e-05,1897.3728515625
2026-05-29,0.029604836686016763,3.372348861344028e-05,0.00021341690597565552,0.11939412222968207,0.00011097815995280807,1864.3393229166666
2026-05-30,0.027631736937023345,2.7360425519873388e-05,8.749373955652118e-05,0.11756357616848416,0.0002576234902060309,
2026-05-31,0.027728228955655486,2.295396644884432e-05,0.00011254525552057241,0.11651584837171766,6.785432565702151e-05,1875.3690476190477
2026-06-01,0.02693565170486252,1.8511491362005472e-05,0.00017285023091567889,0.11696720123291016,4.538879212405947e-05,
2026-06-02,0.02781834414130763,1.9873476897676786e-05,0.00015557967126369476,0.11638988918728299,2.9449648637738494e-05,1903.7632472826087
2026-06-03,0.02838423252105713,2.4980186329533655e-05,0.0001120753689772553,0.11578228208753798,5.783444741763264e-05,
2026-06-04,0.028535303316618268,2.2975859853128592e-05,0.00013341126549575063,0.11674809985690647,1.4816007266441982e-05,
2026-06-05,0.026320637088932404,2.0623859018087388e-05,0.0001061752708138604,0.11723893483479818,-8.446951454252372e-05,
2026-06-06,0.023231788379390064,1.237514273573955e-05,0.00012867717378878894,0.11746471193101671,6.112074240660056e-05,1863.20671875
2026-06-07,0.0283629726356184,2.303909148193068e-05,0.00014613832657535872,0.11668100357055664,-6.667380738589499e-05,1844.446963028169
2026-06-08,0.027519132151748196,2.8967740945518017e-05,0.00010035368096497323,0.11769801245795355,0.0001367672656973203,1894.307391826923
2026-06-09,0.02897572181594204,2.4851521247646946e-05,0.00013258506854375203,0.11904991997612847,5.872008789862905e-05,1803.0159505208333
2026-06-10,0.031945489920102633,3.530551302468493e-05,0.00013795714825391768,0.11922643834894353,0.00023583496955257874,
2026-06-11,0.03050758997599284,2.5754251206914585e-05,0.00012875014088220067,0.11758306291368273,9.670947781867452e-05,1900.53984375
2026-06-12,,,,0.11139694849650066,,
2026-06-13,0.02560302946302626,2.4268985725939274e-05,0.00010038077078284101,0.1119222640991211,1.5344213773837178e-05,
2026-06-14,0.0257267837064812,2.107934743239015e-05,0.00014017181776797595,0.11055198245578342,7.49378924028597e-06,
2026-06-15,0.02532930199692889,2.4247123292298056e-05,9.301856367124451e-05,0.11345967186821831,0.0001246256132920583,
2026-06-16,0.027287167471808357,2.6956102961013393e-05,0.00013145757183222702,0.11523513793945313,-4.431009817291313e-05,
2026-06-17,0.027083084800026632,1.7426602866952166e-05,0.0001558560124110608,0.11541108025444878,2.9983849694522527e-05,1875.9117838541667
2026-06-18,0.02734541893005371,2.3149599490517918e-05,0.00012222407049084283,0.11809936099582248,3.375425286641395e-06,1898.427734375
2026-06-19,0.02805413432040457,3.2221774260203045e-05,0.00017542211959759396,0.11768481996324327,0.0002720678432120217,1884.4009811046512
2026-06-20,0.029954055150349934,2.176561181179502e-05,0.00011478001136838653,0.1189356803894043,0.00026775752504666644,
2026-06-21,0.02818434915424865,2.15694295051931e-05,6.848365068435668e-05,0.11927247577243381,8.870353922247886e-06,
2026-06-22,0.02629435199430619,1.7373348110476915e-05,0.0001290469878801593,0.11764898300170898,0.00032172144724513,1890.0128173828125
2026-06-23,0.030977487564086914,,0.00011647578931468375,0.11695181528727214,0.0003780119771522189,1861.715234375
2026-06-24,0.02562119202180342,1.992855467042833e-05,7.791852759611275e-05,0.1154338624742296,4.724180678639448e-05,1674.215576171875
2026-06-25,0.028363501088003094,2.0524148971566723e-05,6.780286865501569e-05,0.115704345703125,1.4462714998758045e-05,
2026-06-26,0.026487489541371662,2.0543359486120088e-05,8.648226774016092e-05,0.11556733738292348,7.298976442841597e-05,
2026-06-27,0.027561852806492856,1.3548498308019979e-05,8.908300863012023e-05,0.11213480631510417,1.798712258713077e-05,1830.0027669270833
2026-06-28,0.02524495475432452,2.751902211457491e-05,0.0001233501882269615,0.11391983032226563,7.545962793434539e-05,1903.0888671875
2026-06-29,0.025233265515920277,2.921646299921436e-05,0.00012204634152691473,0.11505428949991862,7.004208927010668e-05,1897.5193614130435
2026-06-30,0.026352515346125552,3.814600693823939e-05,0.00019691971441109974,0.11674689186943901,0.0003055168522728814,1897.6025390625
2026-07-01,0.029261319977896553,2.8973864391446114e-05,0.00026701076163185966,0.1173818588256836,0.000219694504307376,
2026-07-02,0.027836886319247158,3.2426565527342835e-05,0.00013047267265360932,0.11640936533610026,-3.184460039282667e-05,1855.0728515625
2026-07-03,0.027835955986609824,2.3334765703313882e-05,0.00013312393091094327,0.11632468965318468,7.615940294403961e-05,1889.1860795454545
2026-07-04,0.026034596454666322,2.146426241024066e-05,0.00012729031425949775,0.11708031760321723,0.00021327615508602725,1899.865234375
2026-07-05,0.028492824027412815,1.812610063561291e-05,0.00010627592485901471,0.11620663536919487,0.00017220745092793688,1889.5142578125
2026-07-06,0.02797026176975198,2.434139864312278e-05,,,,
2026-07-07,0.02888631820678711,2.6898937957251773e-05,0.00012673623859882355,0.11567695405748156,0.00017629551896175674,
2026-07-08,0.027329104741414388,2.736395108513534e-05,0.00021565373687223457,0.11782809363471138,0.00032534024239271535,1893.3423295454545
2026-07-09,0.03041202810746205,4.0309882412354154e-05,0.00012130635540659835,0.11863798565334743,-0.00012446800821725232,1907.7615131578948
2026-07-10,0.02830204463774158,2.9984612346572035e-05,0.00019755897422631583,0.1188980950249566,1.1121406633820798e-05,1893.9698840725807
2026-07-11,,4.164272166313009e-05,0.00027073603123426435,0.1176190906100803,-8.42572383893033e-06,
2026-07-12,0.031140710626329695,3.14258757735724e-05,0.00013018673699763086,0.11652767247167127,6.614915629917825e-05,
2026-07-13,0.02962517738342285,2.2867937029028933e-05,0.00013182747684288443,0.11821822060479058,1.1823742585093306e-05,1851.8549360795455
2026-07-14,0.02726205825805664,2.470456196793488e-05,9.863614769918578e-05,0.11745038562350803,-2.5719182135967108e-05,
2026-07-15,0.026025753516655464,1.761953833258965e-05,0.00012361601788978108,0.1170406977335612,3.242826716480206e-05,
2026-07-16,0.02550604126670144,2.1319433082161205e-05,0.00012367904320897827,0.11528254614935982,1.999210547404112e-05,
2026-07-17,0.02685630948919999,2.186771096854374e-05,0.0001514725180135833,0.11537369622124566,0.0001164723601606157,
2026-07-18,0.028619801820214116,2.91848343543031e-05,0.00015686691667024906,0.11549964480929904,9.736652271105694e-05,
2026-07-19,0.02924919654341305,2.4544000292995145e-05,7.617207946347409e-05,0.1171500735812717,0.00024642599746584894,1894.8533935546875
2026-07-20,0.029973332946364943,2.2633172407308046e-05,0.00013181973587382924,0.11487350463867188,-5.010759457945824e-05,1903.4462890625
2026-07-21,0.031950000306250344,2.90455658816629e-05,0.00017341098023785484,0.11354630788167318,-8.581785692109002e-06,
2026-07-22,0.030186911729665904,2.3175229449780323e-05,0.0001094729152762077,0.11424478954739041,9.717691732062535e-05,1812.6482421875
2026-07-23,0.035054214665147125,3.158934155686034e-05,0.00017800304210848278,0.11468089421590169,-2.9095500293705198e-05,
2026-07-24,0.029654970040192474,2.33424361795187e-05,0.00017524223900243139,0.11713630888197157,3.428676092390264e-05,1903.3452818627452
2026-07-25,0.02946916267053405,2.803592776347484e-05,0.00015252348120239648,0.11942129135131836,3.509177159602669e-06,1904.7335069444443
2026-07-26,0.029615716500715775,2.491180573336103e-05,0.0001641377392742369,0.12110108269585504,-1.3824567565175354e-05,1898.95859375
2026-07-27,,,0.000199148073219336,0.1187077628241645,4.0848601202014834e-05,
2026-07-28,0.032048205534617104,2.2463500499725342e-05,0.0001693012853783946,0.11989885760891822,-0.00047210444726290243,
2026-07-29,0.03155138651529948,2.520531863690569e-05,0.00016085106472019106,0.1197121196322971,0.0001055016546160914,
2026-07-30,0.030756133876434746,2.179422673569726e-05,0.00011363213645740294,0.11965664757622613,1.3983435591385849e-05,1889.728759765625
2026-07-31,0.0322925227028983,1.8431559064478245e-05,0.00015472183967458791,0.11973827150132921,8.214507251977921e-05,1864.5905539772727
2026-08-01,0.02998710750194078,1.4349459723400122e-05,0.00013960718642920257,0.1196618292066786,0.0001211501167793023,1861.09423828125
2026-08-02,0.028417469619156477,8.902797507571763e-06,0.00012567386858993107,0.12005169126722548,0.0002661481199935935,
2026-08-03,0.02681604638157121,1.4726827717631271e-05,0.00011007268247859818,0.11986023585001628,-3.070046936738349e-05,
2026-08-04,0.029561774054569983,1.4748634058841557e-05,0.0001201737756756219,0.11755673090616862,0.00010956702753901481,1841.3155691964287
2026-08-05,0.0264911861033053,1.6628269804641604e-05,0.00011195854867919016,0.11781014336480035,0.00018938679110120843,1886.82177734375
2026-08-06,0.02884289694995415,1.9271216653990296e-05,0.00013770954683423042,0.12091741561889649,8.3856750279665e-05,1899.6809895833333
2026-08-07,0.02916543866381233,1.938626316354372e-05,0.00011675809820493062,0.1206928465101454,-3.0033545853156182e-05,
2026-08-08,0.029466513792673746,2.6735582114120975e-05,0.00013864804059267045,0.1211202515496148,-9.77558143532429e-05,
2026-08-09,0.028297176232209075,1.967464211500353e-05,0.0001410639120472802,0.12283976872762044,0.0001421463882757558,1879.2669921875
2026-08-10,0.0337979513056138,4.1163040742535016e-05,0.00017895026753346124,0.12219763861762153,0.00010985881090164185,1902.28466796875
2026-08-11,0.02855081741626446,2.840133635578929e-05,0.0001727452865619769,0.12170521418253581,0.0001609934920287994,1879.1739908854167
2026-08-12,0.029606464930943082,1.9998043316645898e-05,0.0001739364884355489,0.12096384896172417,4.222634358002859e-05,1897.3060825892858
2026-08-13,0.029424602335149593,3.005841475290557e-05,0.00010095175821334124,0.11759607932146858,-3.5431667450158036e-05,
2026-08-14,0.03465297997715962,2.357376324214849e-05,0.000144167316400192,0.11865469614664713,-5.753066348419948e-05,1894.4337797619048
2026-08-15,0.03091348081395246,2.2827649599541042e-05,0.00017396637122146785,0.11884038713243272,2.192651118093636e-05,1857.1788383152175
2026-08-16,0.02901923235724954,2.230656895017813e-05,0.00014717701392678113,0.11839899486965604,2.5173920827607315e-05,1892.841796875
2026-08-17,0.029219554020808294,1.0727491930940713e-05,0.00014972536721163325,0.12121606402926975,1.5176711086597708e-05,1896.6162109375
2026-08-18,0.02835124569970208,1.821681162563421e-05,0.00013306226324418495,0.12038415273030599,0.0001964974929304684,
2026-08-19,0.026866497415484802,1.5022490769014006e-05,0.00010497328485288317,0.12009009255303277,0.00014537481206750114,1844.61328125
2026-08-20,0.026802311340967815,1.3368485002394985e-05,6.776265677456792e-05,0.1201873673333062,3.465974836477212e-05,1895.811875
2026-08-21,0.024993814527988434,1.834715501620219e-05,0.00010054773097304073,0.12193309995863173,-2.847802555323511e-05,1878.7096774193549
2026-08-22,0.029484861037310434,1.723385648801923e-05,0.00013108816982685835,0.1211359871758355,2.463885058445492e-05,1881.8040865384614
2026-08-23,0.03409780207134429,2.343148521300572e-05,0.00020690311988194783,0.12034581502278646,-0.00012526516642036108,
2026-08-24,0.031199684849491826,2.721513414548503e-05,0.00024398000289996464,0.1213454246520996,0.0002480607479810715,
2026-08-25,0.029568134983883627,2.0131449370334547e-05,0.00013493449530667728,0.12098630269368489,8.677462529804971e-05,1895.1636284722222
2026-08-26,0.03006791482206251,2.286904836418452e-05,0.00017208965462550783,0.11932943132188585,0.00016044278163462877,1895.7713694852941
2026-08-27,0.029916474024454753,2.86654760951505e-05,0.00014580440604024464,0.11770575841267904,4.365810015228357e-05,1892.712890625
2026-08-28,0.036504674965227156,2.985322498716414e-05,0.00017977932261096106,0.11711662080552843,-3.014198090467188e-05,1868.974917763158
2026-08-29,0.03701076656579971,2.2382460545401935e-05,0.00011480305060420348,0.11605224609375,4.124773018386053e-05,
2026-08-30,0.034216309587160744,1.8577225116157047e-05,8.809789627169569e-05,0.11467341317070855,-6.178299836972927e-05,1910.1370442708333
